q_end,b2_ocr,b2c_swap_2y,b2c_swap_5y,b2c_nzgb_2y,b2c_nzgb_5y,b2c_swap_slope_5y2y,b2c_gov_slope_5y2y,b3_housing_lending,b30_new_standard_residential_mortgage_interest_rates_simple_average_percent_during_month_2,b30_new_standard_residential_mortgage_interest_rates_simple_average_percent_during_month_3,b30_new_standard_residential_mortgage_interest_rates_simple_average_percent_during_month_4,b30_new_standard_residential_mortgage_interest_rates_simple_average_percent_during_month_5,b30_new_standard_residential_mortgage_interest_rates_simple_average_percent_during_month_6,h1_expected_inflation_1y,h1_expected_inflation_2y,h1_expected_inflation_5y,h1_expected_house_price_1y,h1_expected_house_price_5y,h2_mortgage_payment_risk,h2_rent_payment_risk,h2_expected_earnings_change,h2_job_loss_risk,h2_job_find_prob,house_price_annual_pct_change,house_value_index,debt_servicing_pct,floating_rate,two_year_fixed_rate,cpi_annual_pct_change,unemployment_rate
2015-03-31,NA,NA,NA,NA,NA,NA,NA,6.71,NA,NA,NA,NA,NA,10.4,NA,3.2,28.03333333333333,NA,NA,NA,NA,NA,NA,9.4,791166,10.6,6.569999999999999,6.036666666666667,0.3,5.5
2015-06-30,NA,NA,NA,NA,NA,NA,NA,6.623333333333333,NA,NA,NA,NA,NA,12.766666666666666,NA,3.3,28.53333333333333,NA,NA,NA,NA,NA,NA,12.1,821359,10.4,6.506666666666667,5.773333333333333,0.4,5.5
2015-09-30,NA,NA,NA,NA,NA,NA,NA,6.1433333333333335,NA,NA,NA,NA,NA,10.6,NA,3.3,26.7,NA,NA,NA,NA,NA,NA,15.5,862341,9.8,6.08,5.4366666666666665,0.4,5.7
2015-12-31,NA,NA,NA,NA,NA,NA,NA,5.916666666666667,NA,NA,NA,NA,NA,11.133333333333333,NA,3.3,24.8,NA,NA,NA,NA,NA,NA,12.6,873190,9.3,5.943333333333333,5.243333333333333,0.1,5
2016-03-31,NA,NA,NA,NA,NA,NA,NA,5.726666666666667,NA,NA,NA,NA,NA,9.1,NA,3.4,25.033333333333335,NA,NA,NA,NA,NA,NA,13.2,905368,9.3,5.763333333333334,5.17,0.4,5.3
2016-06-30,NA,NA,NA,NA,NA,NA,NA,5.6499999999999995,NA,NA,NA,NA,NA,11.633333333333336,NA,3.2,28.933333333333337,NA,NA,NA,NA,NA,NA,15.2,959850,9.2,5.693333333333333,5.06,0.4,5.1
2016-09-30,NA,NA,NA,NA,NA,NA,NA,5.616666666666666,NA,NA,NA,NA,NA,12.766666666666667,NA,3.5,24.066666666666663,NA,NA,NA,NA,NA,NA,14.1,1001785,8.9,5.66,5.056666666666667,0.4,5
2016-12-31,NA,NA,NA,NA,NA,NA,NA,5.6033333333333335,NA,NA,NA,NA,NA,13.133333333333336,NA,3.3,24.9,NA,NA,NA,NA,NA,NA,14.3,1013840,8.4,5.68,5.096666666666667,1.3,5.3
2017-03-31,NA,NA,NA,NA,NA,NA,NA,5.733333333333333,NA,NA,NA,NA,NA,20.6,NA,3.25,20.9,NA,NA,NA,NA,NA,NA,12.1,1030945,8.4,5.653333333333333,5.056666666666667,2.2,4.9
2017-06-30,NA,NA,NA,NA,NA,NA,NA,5.816666666666666,NA,NA,NA,NA,NA,20.76666666666667,NA,3.35,21.266666666666666,NA,NA,NA,NA,NA,NA,6.7,1042827,8.8,5.726666666666667,5.083333333333333,1.7,4.9
2017-09-30,NA,NA,NA,NA,NA,NA,NA,5.84,NA,NA,NA,NA,NA,14.566666666666665,NA,3.3,15.133333333333333,NA,NA,NA,NA,NA,NA,3.6,1051599,8.5,5.75,5.1066666666666665,1.9,4.7
2017-12-31,NA,NA,NA,NA,NA,NA,NA,5.84,NA,NA,NA,NA,NA,15.633333333333333,NA,3.2,2.766666666666666,NA,NA,NA,NA,NA,NA,4.1,1067373,8,5.75,5.08,1.6,4.5
2018-03-31,1.75,2.200327868852459,2.7134426229508195,1.919016393442623,2.4021311475409837,0.5131147540983605,0.4831147540983607,5.84,NA,NA,NA,NA,NA,14.333333333333334,NA,3.2,13.533333333333331,NA,NA,NA,NA,NA,NA,3.6,1079470,8.4,5.75,5.073333333333333,1.1,4.4
2018-06-30,1.75,2.242741935483871,2.689032258064516,1.886290322580645,2.3256451612903226,0.4462903225806451,0.4393548387096775,5.85,NA,NA,NA,NA,NA,18.233333333333334,NA,3.3,13.866666666666667,NA,NA,NA,NA,NA,NA,3.6,1090523,8.5,5.766666666666667,5.029999999999999,1.5,4.6
2018-09-30,1.75,2.066307692307692,2.435076923076923,1.7412307692307691,2.031846153846154,0.36876923076923074,0.2906153846153847,5.85,NA,NA,NA,NA,NA,22.63333333333333,NA,3.45,18.733333333333334,NA,NA,NA,NA,NA,NA,3.9,1105095,8.2,5.77,4.9799999999999995,1.9,4
2018-12-31,1.75,2.060952380952381,2.4025396825396825,1.822857142857143,2.009047619047619,0.34158730158730144,0.18619047619047624,5.85,NA,NA,NA,NA,NA,24.066666666666663,NA,3.45,17.900000000000002,NA,NA,NA,NA,NA,NA,3.3,1118115,7.8,5.77,4.92,1.9,4.3
2019-03-31,1.75,1.8627868852459015,2.037704918032787,1.6498360655737705,1.6936065573770491,0.1749180327868851,0.04377049180327863,5.85,NA,NA,NA,NA,NA,19.76666666666667,NA,3.4,16.433333333333334,NA,NA,NA,NA,NA,NA,2.6,1126956,8.1,5.773333333333333,4.886666666666667,1.5,4.2
2019-06-30,1.602459016393443,1.5262295081967212,1.6552459016393442,1.342295081967213,1.4629508196721313,0.12901639344262297,0.12065573770491822,5.7700000000000005,NA,NA,NA,NA,NA,18.866666666666667,NA,3.3,15.266666666666667,NA,NA,NA,NA,NA,NA,2,1131286,8,5.75,4.733333333333333,1.7,4
2019-09-30,1.2121212121212124,1.093030303030303,1.136969696969697,0.926969696969697,1.0140909090909092,0.04393939393939394,0.08712121212121215,5.416666666666667,NA,NA,NA,NA,NA,17.5,NA,3.3,18.333333333333332,NA,NA,NA,NA,NA,NA,3.1,1157412,7.5,5.556666666666667,4.58,1.5,4.1
2019-12-31,1,1.075873015873016,1.1706349206349207,0.82,1.0826984126984127,0.09476190476190482,0.26269841269841276,5.26,NA,NA,NA,NA,NA,15.8,NA,3.25,23.3,NA,NA,NA,NA,NA,NA,4.8,1188262,7,5.45,4.423333333333334,1.9,4.1
2020-03-31,0.8669354838709676,0.9648387096774194,1.0638709677419356,NA,1.0158064516129033,0.0990322580645162,NA,5.006666666666667,NA,NA,NA,NA,NA,19.333333333333336,NA,3.35,27.7,NA,NA,NA,NA,NA,NA,7.6,1227951,7.2,5.236666666666666,4.37,2.5,4.2
2020-06-30,0.25,0.25426229508196724,0.390655737704918,NA,0.39885245901639343,0.13639344262295078,NA,4.48,NA,NA,NA,NA,NA,17.8,NA,3.4,1.6333333333333335,NA,NA,NA,NA,NA,NA,6.8,1227900,6.8,4.716666666666667,3.95,1.5,4.1
2020-09-30,0.25,0.12787878787878784,0.22803030303030303,NA,0.23075757575757577,0.1001515151515152,NA,4.426666666666667,NA,NA,NA,NA,NA,19.033333333333335,NA,3.45,19.266666666666666,NA,NA,NA,NA,NA,NA,10,1280867,6.1,4.6,3.67,1.4,5.2
2020-12-31,0.25,0.15380952380952378,0.3088888888888889,0.2313793103448276,0.2003174603174603,0.1550793650793651,-0.03106185002736727,4.4,NA,NA,NA,NA,NA,20.933333333333337,NA,3.65,28.266666666666666,NA,NA,NA,NA,NA,NA,16.1,1385674,5.7,4.52,3.523333333333333,1.4,4.9
2021-03-31,0.25,0.3914754098360656,0.8891803278688525,0.270983606557377,0.7447540983606558,0.4977049180327869,0.47377049180327874,4.38,NA,NA,NA,NA,NA,23.700000000000003,NA,3.65,31.166666666666668,NA,NA,NA,NA,NA,NA,22.7,1512986,5.5,4.51,3.476666666666667,1.5,4.6
2021-06-30,0.25,0.5452459016393443,1.1895081967213117,0.3045901639344263,0.9868852459016394,0.6442622950819672,0.6822950819672131,4.373333333333333,4.1066666666666665,3.3400000000000003,2.2966666666666664,2.556666666666666,2.513333333333333,24.83333333333334,NA,4.4,24.46666666666667,NA,NA,NA,NA,NA,NA,28.5,1591524,5.6,4.483333333333333,3.466666666666667,3.3,4
2021-09-30,0.25,1.2024242424242424,1.5960606060606062,0.8615151515151515,1.3215151515151515,0.3936363636363638,0.4600000000000001,4.41,4.03,3.2466666666666666,2.4066666666666667,2.54,2.6433333333333335,29.833333333333332,NA,4.55,27.7,NA,NA,NA,NA,NA,NA,28.7,1663058,5.2,4.52,3.743333333333333,4.9,3.3
2021-12-31,0.5833333333333333,2.0831746031746032,2.4653968253968253,1.8262264150943397,2.1266666666666665,0.382222222222222,0.3004402515723268,4.66,4.216666666666667,3.7333333333333334,2.94,3.2266666666666666,3.3366666666666664,30.9,NA,5.3,26.866666666666664,NA,NA,NA,NA,NA,NA,25.9,1763125,5,4.796666666666667,4.533333333333333,5.9,3.2
2022-03-31,0.8565573770491803,2.6557377049180326,2.954098360655738,2.335409836065574,2.6445901639344265,0.2983606557377052,0.3091803278688525,4.866666666666667,4.4799999999999995,3.943333333333334,3.4566666666666666,3.7966666666666664,3.9833333333333334,26.3,5.2,3.15,23.766666666666666,11.1,7.25,8.5,17.65,14.7,50.4,13.6,1723371,5.5,4.976666666666667,4.833333333333333,6.9,3.2
2022-06-30,1.625,3.8368333333333338,3.923333333333334,3.345666666666667,3.553166666666667,0.08650000000000002,0.2075,5.556666666666667,4.983333333333333,4.51,3.9966666666666666,4.35,4.59,25.075,4.8,3.3,12.033333333333331,6,9.55,13,18.78333333333333,19.3,51.35,5.1,1680923,6.2,5.596666666666667,5.72,7.3,3.3
2022-09-30,2.6692307692307695,4.112153846153846,3.935692307692307,3.637230769230769,3.6506153846153846,-0.17646153846153825,0.01338461538461555,6.573333333333333,5.876666666666667,5.116666666666667,4.7700000000000005,4.933333333333334,5.17,21.775,4.6,2.35,5.633333333333334,5.75,6.6,10.75,17.700000000000003,11.85,52.9,-3.6,1630391,6.7,6.47,5.97,7.2,3.3
2022-12-31,3.778225806451613,5.0885483870967745,4.657903225806452,4.513064516129032,4.315806451612903,-0.4306451612903226,-0.19725806451612904,7.526666666666666,6.803333333333334,5.676666666666667,5.326666666666667,5.533333333333333,5.566666666666666,17.775,4.65,2,3.7,5.5,7.65,8.8,17.400000000000002,14.85,50.3,-10.8,1608367,7.1,7.376666666666667,6.766666666666667,7.2,3.4
2023-03-31,4.467741935483871,5.1006451612903225,4.496774193548387,4.643709677419355,4.247903225806452,-0.6038709677419352,-0.39580645161290295,7.906666666666666,7.406666666666666,6.35,6.023333333333333,6.203333333333333,6.156666666666666,15.125,2.75,1.75,1.5333333333333332,2.2,7.65,9.45,17.633333333333333,11.45,49.45,-11.7,1573547,7.8,7.873333333333333,7.036666666666667,6.7,3.4
2023-06-30,5.331967213114754,5.197377049180328,4.447213114754098,4.817540983606557,4.247540983606557,-0.7501639344262294,-0.5700000000000003,8.4,7.786666666666667,6.7,6.3133333333333335,6.343333333333333,6.14,14.925,4.75,1.55,2.8666666666666667,5.1,7.9,7.75,17.666666666666668,11.65,50.85,-8.9,1563341,8.3,8.363333333333333,7.1066666666666665,6,3.6
2023-09-30,5.5,5.5340625,4.900625,5.47484375,4.8884375,-0.6334375000000003,-0.5864062499999996,8.61,8.153333333333332,7.133333333333334,6.71,6.726666666666667,6.4366666666666665,8.85,3.4,1.9,10.566666666666668,7.55,6.7,8.15,17.749999999999996,11.1,50.6,-4.1,1590955,8.8,8.56,7.413333333333333,5.6,3.9
2023-12-31,5.5,5.292419354838709,4.8633870967741935,5.140322580645162,4.940645161290322,-0.42903225806451584,-0.1996774193548392,8.63,8.22,7.27,6.98,6.976666666666667,6.7700000000000005,6.600000000000001,3.1,2.05,20.866666666666667,8.05,6.2,8.1,17.71666666666667,11.65,49.3,-0.6,1621444,9.2,8.61,7.576666666666666,4.7,4
2024-03-31,5.5,4.921803278688524,4.41,4.708688524590164,4.466065573770492,-0.5118032786885243,-0.24262295081967175,8.63,8.266666666666667,7.21,7.003333333333334,6.926666666666667,6.783333333333333,4.174999999999999,3.4000000000000004,3.3,21.4,8.75,8.65,9,18.116666666666667,16.05,50.4,2.1,1630738,9.6,8.61,7.443333333333333,4,4.4
2024-06-30,5.5,5.01327868852459,4.532622950819672,4.822622950819672,4.565737704918033,-0.4806557377049181,-0.2568852459016391,8.633333333333335,8.323333333333334,7.083333333333333,6.86,6.796666666666667,6.6466666666666665,6.725000000000002,3.3,3,18.433333333333337,8.75,6.15,8.45,17.650000000000002,16.1,46.25,1.2,1619652,10.4,8.61,7.363333333333333,3.3,4.6
2024-09-30,5.375,4.059090909090909,3.8068181818181817,4.1906060606060604,3.9545454545454546,-0.252272727272727,-0.23606060606060583,8.46,8.136666666666667,6.933333333333334,6.626666666666667,6.426666666666667,6.279999999999999,0.7749999999999999,3.05,3.2,12.266666666666667,6,6.95,8.65,17.599999999999998,16.2,43.4,-1,1618019,10.5,8.503333333333332,6.763333333333334,2.2,4.8
2024-12-31,4.630952380952381,3.6498412698412697,3.736507936507937,3.82,4.038888888888889,0.08666666666666689,0.2188888888888889,7.67,7.533333333333333,6.443333333333333,5.816666666666666,5.89,5.75,2.8250000000000006,3.35,3.2,15.333333333333334,6.55,6.45,8.75,17.599999999999998,15.05,41.65,-1.6,1636999,10.2,7.91,6.226666666666667,2.2,5.1
2025-03-31,4.020491803278689,3.468032786885246,3.716393442622951,3.640491803278688,4.064754098360655,0.24836065573770497,0.424262295081967,7.07,6.986666666666666,6.006666666666667,5.426666666666667,5.58,5.359999999999999,11.675,3.45,3.3,17.166666666666668,6.5,6.45,8.85,17.533333333333335,16.5,40.75,-2,1642553,10.1,7.4,5.826666666666667,2.5,5.1
2025-06-30,3.441666666666667,3.1838333333333333,3.5625,3.3361666666666667,3.900333333333333,0.3786666666666667,0.5641666666666665,6.58,6.414999999999999,5.640000000000001,5.08,5.145,5.045,14.925,3.85,3.35,17.066666666666666,6.15,6.15,10.75,17.416666666666668,18.2,36.55,NA,NA,NA,6.903333333333333,5.626666666666667,2.7,NA
2025-09-30,3.25,3.165,3.5549999999999997,3.2688888888888887,3.855555555555555,0.3899999999999997,0.5866666666666669,NA,NA,NA,NA,NA,NA,NA,NA,NA,NA,NA,NA,NA,NA,NA,NA,NA,NA,NA,NA,NA,NA,NA
