Suburb,District,Average property value,3-month change
Auckland Central,Auckland City,572000,3.4
Avondale,Auckland City,959000,3.6
Blockhouse Bay,Auckland City,1161000,1.8
Eden Terrace,Auckland City,817000,1.5
Ellerslie,Auckland City,1210000,1.5
Epsom,Auckland City,2172000,1.8
Freemans Bay,Auckland City,1708000,3.1
Glen Innes,Auckland City,1132000,1.4
Glendowie,Auckland City,2291000,2.4
Grafton,Auckland City,666000,0.9
Greenlane,Auckland City,1873000,2
Grey Lynn,Auckland City,1779000,0.4
Herne Bay,Auckland City,3687000,2.7
Hillsborough,Auckland City,1320000,4.8
Kingsland,Auckland City,1396000,3.2
Kohimarama,Auckland City,2216000,1.5
Lynfield,Auckland City,1333000,3.2
Meadowbank,Auckland City,1661000,2.8
Mission Bay,Auckland City,2223000,1.1
Morningside,Auckland City,1289000,5.2
Mount Albert,Auckland City,1394000,6.9
Mount Eden,Auckland City,1763000,3.5
Mount Roskill,Auckland City,1131000,0.4
Mount Wellington,Auckland City,978000,2.9
New Windsor,Auckland City,1228000,2.8
Newmarket,Auckland City,839000,-1.9
One Tree Hill,Auckland City,1354000,2.2
Onehunga,Auckland City,1110000,3.3
Oneroa,Auckland City,2212000,0.9
Onetangi,Auckland City,1988000,2.7
Orakei,Auckland City,2444000,2.2
Ostend,Auckland City,1481000,3.5
Otahuhu,Auckland City,747000,1.1
Palm Beach,Auckland City,2044000,1.1
Panmure,Auckland City,1002000,1.3
Parnell,Auckland City,2081000,1
Penrose,Auckland City,980000,0
Point Chevalier,Auckland City,1912000,1.8
Point England,Auckland City,955000,-0.8
Ponsonby,Auckland City,2426000,2.8
Remuera,Auckland City,2638000,1.7
Royal Oak,Auckland City,1380000,1.6
Saint Heliers,Auckland City,2315000,0.4
Saint Johns,Auckland City,1500000,1.6
Saint Marys Bay,Auckland City,2986000,2.5
Sandringham,Auckland City,1381000,1.8
Stonefields,Auckland City,1558000,1.2
Surfdale,Auckland City,1368000,3.2
Three Kings,Auckland City,1153000,2.1
Wai o Taiki Bay,Auckland City,1557000,2.6
Waterview,Auckland City,1039000,3.4
Wesley,Auckland City,1131000,3.8
Westmere,Auckland City,2584000,1.5
Clarks Beach,Auckland Franklin,1146000,-0.3
Glenbrook,Auckland Franklin,1173000,2.5
Hunua,Auckland Franklin,1406000,2.5
Paerata,Auckland Franklin,1399000,3.8
Patumahoe,Auckland Franklin,1278000,1.9
Pukekohe,Auckland Franklin,898000,0.6
Ramarama,Auckland Franklin,1477000,4
Waiuku,Auckland Franklin,887000,2.9
Beachlands,Auckland Manukau,1577000,-0.2
Botany Downs,Auckland Manukau,1234000,0.1
Bucklands Beach,Auckland Manukau,1674000,1.2
Clendon Park,Auckland Manukau,732000,-0.4
Clevedon,Auckland Manukau,2039000,2.9
Clover Park,Auckland Manukau,861000,1.2
Cockle Bay,Auckland Manukau,1631000,1.6
Dannemora,Auckland Manukau,1666000,0.8
East Tamaki,Auckland Manukau,1135000,2.7
East Tamaki Heights,Auckland Manukau,1789000,1.9
Eastern Beach,Auckland Manukau,1926000,3.9
Farm Cove,Auckland Manukau,1750000,2.3
Favona,Auckland Manukau,855000,0.4
Flat Bush,Auckland Manukau,1322000,1.7
Golflands,Auckland Manukau,1301000,2.6
Goodwood Heights,Auckland Manukau,1074000,2.8
Half Moon Bay,Auckland Manukau,1596000,3.2
Highland Park,Auckland Manukau,1142000,0.3
Hillpark,Auckland Manukau,936000,4.5
Howick,Auckland Manukau,1177000,2.3
Mangere,Auckland Manukau,848000,1
Mangere Bridge,Auckland Manukau,1146000,1.4
Mangere East,Auckland Manukau,871000,-1.2
Manukau,Auckland Manukau,609000,-0.2
Manurewa,Auckland Manukau,784000,0.1
Manurewa East,Auckland Manukau,715000,1.1
Maraetai,Auckland Manukau,1569000,1.9
Mellons Bay,Auckland Manukau,2158000,3.2
Northpark,Auckland Manukau,1471000,2.4
Otara,Auckland Manukau,756000,0.3
Pakuranga,Auckland Manukau,1122000,1.5
Pakuranga Heights,Auckland Manukau,1149000,1.8
Papatoetoe,Auckland Manukau,840000,1.8
Randwick Park,Auckland Manukau,783000,2.4
Shelly Park,Auckland Manukau,1588000,2.1
Somerville,Auckland Manukau,1481000,2.7
Sunnyhills,Auckland Manukau,1670000,4.1
The Gardens,Auckland Manukau,1279000,1.8
Totara Heights,Auckland Manukau,1028000,1.9
Totara Park,Auckland Manukau,1507000,3.8
Wattle Downs,Auckland Manukau,1025000,0.9
Weymouth,Auckland Manukau,803000,1.6
Whitford,Auckland Manukau,3313000,-0.6
Wiri,Auckland Manukau,684000,0.6
Albany,Auckland North Shore,1152000,1.7
Albany Heights,Auckland North Shore,1435000,3.2
Bayswater,Auckland North Shore,1693000,3
Bayview,Auckland North Shore,1035000,4
Beach Haven,Auckland North Shore,1073000,2.9
Belmont,Auckland North Shore,1542000,0.6
Birkdale,Auckland North Shore,978000,3.7
Birkenhead,Auckland North Shore,1321000,2.6
Browns Bay,Auckland North Shore,1273000,3.8
Campbells Bay,Auckland North Shore,2411000,2.7
Castor Bay,Auckland North Shore,1975000,-0.6
Chatswood,Auckland North Shore,1490000,1.8
Devonport,Auckland North Shore,2172000,3.1
Fairview Heights,Auckland North Shore,1650000,2.3
Forrest Hill,Auckland North Shore,1411000,1.1
Glenfield,Auckland North Shore,1056000,1.6
Greenhithe,Auckland North Shore,1838000,1.7
Hauraki,Auckland North Shore,2015000,2.6
Hillcrest,Auckland North Shore,1254000,4.3
Long Bay,Auckland North Shore,1704000,0.9
Mairangi Bay,Auckland North Shore,1790000,3.6
Milford,Auckland North Shore,1817000,2.6
Murrays Bay,Auckland North Shore,1825000,1.1
Narrow Neck,Auckland North Shore,1961000,3.9
Northcote,Auckland North Shore,1200000,2.7
Northcote Point,Auckland North Shore,1746000,3.4
Northcross,Auckland North Shore,1316000,2.8
Oteha,Auckland North Shore,1205000,2.5
Pinehill,Auckland North Shore,1827000,3.2
Rothesay Bay,Auckland North Shore,1675000,5.8
Schnapper Rock,Auckland North Shore,1708000,4
Sunnynook,Auckland North Shore,1233000,3.9
Takapuna,Auckland North Shore,2182000,1.3
Torbay,Auckland North Shore,1280000,0.2
Totara Vale,Auckland North Shore,1037000,1.3
Unsworth Heights,Auckland North Shore,1190000,1.3
Windsor Park,Auckland North Shore,1383000,2.3
Conifer Grove,Auckland Papakura,1031000,3.2
Karaka,Auckland Papakura,1603000,2.8
Opaheke,Auckland Papakura,1045000,2.7
Pahurehure,Auckland Papakura,983000,1.4
Papakura,Auckland Papakura,807000,-0.4
Red Hill,Auckland Papakura,821000,3.5
Rosehill,Auckland Papakura,941000,2.1
Takanini,Auckland Papakura,915000,1
Arkles Bay,Auckland Rodney,1139000,2.4
Army Bay,Auckland Rodney,1144000,1.7
Coatesville,Auckland Rodney,3584000,3.6
Dairy Flat,Auckland Rodney,2396000,4.7
Gulf Harbour,Auckland Rodney,1094000,2.2
Hatfields Beach,Auckland Rodney,1171000,2.4
Helensville,Auckland Rodney,1188000,2.3
Huapai,Auckland Rodney,1291000,0.9
Kaukapakapa,Auckland Rodney,1427000,1.7
Kumeu,Auckland Rodney,1514000,1.1
Manly,Auckland Rodney,1247000,2
Matakana,Auckland Rodney,2046000,5.6
Muriwai,Auckland Rodney,1485000,3.7
Omaha,Auckland Rodney,2947000,6
Orewa,Auckland Rodney,1250000,1.2
Parakai,Auckland Rodney,773000,1.7
Point Wells,Auckland Rodney,2505000,5.6
Red Beach,Auckland Rodney,1250000,1.1
Riverhead,Auckland Rodney,1836000,1.1
Silverdale,Auckland Rodney,1364000,2.1
Snells Beach,Auckland Rodney,1147000,4.7
Stanmore Bay,Auckland Rodney,1089000,3.1
Stillwater,Auckland Rodney,1650000,3.6
Tindalls Beach,Auckland Rodney,1672000,3.6
Waimauku,Auckland Rodney,1606000,1.8
Wainui,Auckland Rodney,1405000,0.7
Warkworth,Auckland Rodney,1245000,3.2
Wellsford,Auckland Rodney,870000,3.8
Glen Eden,Auckland Waitakere,865000,2.6
Glendene,Auckland Waitakere,924000,0.2
Green Bay,Auckland Waitakere,1194000,2.4
Henderson,Auckland Waitakere,920000,3.3
Henderson Valley,Auckland Waitakere,1317000,2.5
Hobsonville,Auckland Waitakere,1119000,0.4
Kelston,Auckland Waitakere,870000,1.5
Laingholm,Auckland Waitakere,1026000,1.7
Massey,Auckland Waitakere,942000,-0.1
New Lynn,Auckland Waitakere,866000,-1.3
Ranui,Auckland Waitakere,826000,-1.1
Sunnyvale,Auckland Waitakere,868000,0.3
Swanson,Auckland Waitakere,1150000,1.1
Te Atatu Peninsula,Auckland Waitakere,1075000,-0.4
Te Atatu South,Auckland Waitakere,934000,1.9
Titirangi,Auckland Waitakere,1194000,3.1
West Harbour,Auckland Waitakere,1250000,2.2
Westgate,Auckland Waitakere,900000,1.4
Whenuapai,Auckland Waitakere,1243000,0.6
Kawerau,Kawerau,410000,2
Opotiki,Opotiki,485000,5.4
Waiotahe,Opotiki,1015000,3.6
Fenton Park,Rotorua,512000,2.8
Glenholme,Rotorua,678000,3.2
Hamurana,Rotorua,1170000,-0.1
Hillcrest,Rotorua,611000,2
Kawaha Point,Rotorua,772000,-0.3
Lynmore,Rotorua,936000,0.8
Mangakakahi,Rotorua,538000,3.5
Ngongotaha,Rotorua,707000,1.6
Owhata,Rotorua,678000,2.1
Pomare,Rotorua,743000,2.9
Pukehangi,Rotorua,651000,3.7
Selwyn Heights,Rotorua,532000,1.1
Springfield,Rotorua,810000,1.1
Sunnybrook,Rotorua,723000,2.6
Victoria,Rotorua,524000,2.7
Western Heights,Rotorua,532000,2.7
Bellevue,Tauranga,789000,0.9
Bethlehem,Tauranga,1118000,1.5
Brookfield,Tauranga,807000,1.5
Gate Pa,Tauranga,672000,-0.1
Greerton,Tauranga,705000,0.9
Hairini,Tauranga,776000,3.2
Judea,Tauranga,727000,2
Matua,Tauranga,1180000,1.1
Maungatapu,Tauranga,899000,2.9
Mount Maunganui,Tauranga,1457000,-1
Otumoetai,Tauranga,1017000,-0.5
Papamoa Beach,Tauranga,1089000,2.8
Parkvale,Tauranga,678000,2
Poike,Tauranga,715000,2.4
Tauranga,Tauranga,1014000,3.7
Tauranga South,Tauranga,890000,1.1
Aongatete,Western Bay of Plenty,1305000,1.1
Athenree,Western Bay of Plenty,1111000,-0.3
Katikati,Western Bay of Plenty,785000,0.9
Minden,Western Bay of Plenty,1641000,3.4
Ohauiti,Western Bay of Plenty,1110000,2
Omanawa,Western Bay of Plenty,1408000,1.4
Omokoroa,Western Bay of Plenty,1118000,-0.8
Oropi,Western Bay of Plenty,1547000,1.9
Papamoa,Western Bay of Plenty,911000,2.8
Pukehina,Western Bay of Plenty,1243000,1.3
Pyes Pa,Western Bay of Plenty,1100000,0.4
Tahawai,Western Bay of Plenty,1240000,-0.7
Te Puke,Western Bay of Plenty,827000,1
Waihi Beach,Western Bay of Plenty,1471000,0.5
Welcome Bay,Western Bay of Plenty,899000,1.4
Whakamarama,Western Bay of Plenty,1535000,1.3
Coastlands,Whakatane,1003000,2.8
Edgecumbe,Whakatane,640000,0.9
Ohope,Whakatane,1303000,5.5
Whakatane,Whakatane,667000,-1.6
Allenton,Ashburton,648000,0.3
Ashburton,Ashburton,520000,-0.8
Elgin,Ashburton,985000,1.8
Hampstead,Ashburton,458000,-1.1
Methven,Ashburton,742000,-1.3
Netherby,Ashburton,573000,2.3
Rakaia,Ashburton,572000,0.2
Tinwald,Ashburton,630000,1.1
Addington,Christchurch,559000,0.4
Aidanfield,Christchurch,930000,0.8
Akaroa,Christchurch,1094000,4.4
Aranui,Christchurch,494000,0.4
Avondale,Christchurch,577000,1.2
Avonhead,Christchurch,831000,1.2
Avonside,Christchurch,547000,-0.2
Beckenham,Christchurch,887000,1.5
Belfast,Christchurch,701000,0.4
Bishopdale,Christchurch,686000,-0.9
Bromley,Christchurch,528000,-0.2
Broomfield,Christchurch,704000,0.3
Bryndwr,Christchurch,815000,1.1
Burnside,Christchurch,900000,1
Burwood,Christchurch,700000,0
Casebrook,Christchurch,845000,-0.2
Cashmere,Christchurch,1169000,0.6
Christchurch Central,Christchurch,684000,-0.9
Cracroft,Christchurch,1188000,2.6
Dallington,Christchurch,603000,0.2
Diamond Harbour,Christchurch,789000,0.9
Edgeware,Christchurch,561000,-0.2
Fendalton,Christchurch,1773000,0.6
Halswell,Christchurch,868000,0.9
Harewood,Christchurch,1117000,1.2
Heathcote Valley,Christchurch,836000,0.2
Hei Hei,Christchurch,620000,-0.3
Hillmorton,Christchurch,687000,-0.6
Hillsborough,Christchurch,826000,1.3
Hoon Hay,Christchurch,663000,-0.7
Hornby,Christchurch,612000,0.5
Huntsbury,Christchurch,1154000,1.1
Ilam,Christchurch,953000,2.1
Islington,Christchurch,586000,0.3
Linwood,Christchurch,498000,0.4
Lyttelton,Christchurch,771000,0.5
Mairehau,Christchurch,671000,1.2
Marshland,Christchurch,1093000,-0.9
Merivale,Christchurch,1583000,1.7
Mount Pleasant,Christchurch,1185000,2.8
New Brighton,Christchurch,560000,0.9
North New Brighton,Christchurch,593000,0.9
Northcote,Christchurch,583000,-0.2
Northwood,Christchurch,1080000,0.2
Opawa,Christchurch,788000,0.3
Papanui,Christchurch,769000,-0.3
Parklands,Christchurch,752000,-0.1
Phillipstown,Christchurch,465000,0.9
Redcliffs,Christchurch,1222000,2.6
Redwood,Christchurch,675000,-0.3
Riccarton,Christchurch,754000,-0.1
Richmond,Christchurch,568000,-1
Russley,Christchurch,718000,0.6
Saint Martins,Christchurch,772000,1.6
Shirley,Christchurch,649000,-0.5
Sockburn,Christchurch,630000,1.4
Somerfield,Christchurch,747000,1.1
South New Brighton,Christchurch,626000,0
Southshore,Christchurch,724000,0.1
Spreydon,Christchurch,630000,-0.8
St Albans,Christchurch,882000,-1.1
Strowan,Christchurch,1240000,1.5
Sumner,Christchurch,1210000,0.7
Sydenham,Christchurch,579000,2.7
Templeton,Christchurch,809000,0.6
Upper Riccarton,Christchurch,693000,0.7
Wainoni,Christchurch,528000,1.1
Waltham,Christchurch,521000,0.4
Westmorland,Christchurch,1189000,1.5
Wigram,Christchurch,864000,-0.8
Woolston,Christchurch,568000,-1.2
Yaldhurst,Christchurch,995000,1.4
Amberley,Hurunui,739000,-1.3
Hanmer Springs,Hurunui,849000,-0.1
Leithfield,Hurunui,667000,-1.6
Kaikoura,Kaikoura,773000,-0.6
Fairlie,Mackenzie,566000,0.5
Lake Tekapo,Mackenzie,1200000,0.2
Twizel,Mackenzie,791000,0.4
Darfield,Selwyn,860000,2.1
Kirwee,Selwyn,1029000,2.4
Leeston,Selwyn,788000,2.2
Lincoln,Selwyn,1024000,1.5
Prebbleton,Selwyn,1343000,2.7
Rolleston,Selwyn,863000,-0.3
Southbridge,Selwyn,671000,3.4
Tai Tapu,Selwyn,1550000,4
West Melton,Selwyn,1352000,3.4
Geraldine,Timaru,617000,0.3
Gleniti,Timaru,822000,1.7
Glenwood,Timaru,548000,-0.2
Highfield,Timaru,603000,0
Kensington,Timaru,458000,0.9
Maori Hill,Timaru,574000,-1.7
Marchwiel,Timaru,516000,-0.6
Oceanview,Timaru,637000,0.5
Parkside,Timaru,462000,0
Pleasant Point,Timaru,598000,-0.7
Seaview,Timaru,479000,1.3
Temuka,Timaru,523000,0.2
Waimataitai,Timaru,509000,0.2
Watlington,Timaru,477000,0.8
West End,Timaru,499000,1
Cust,Waimakariri,1080000,2.2
Eyrewell,Waimakariri,1062000,2
Fernside,Waimakariri,1316000,3.6
Kaiapoi,Waimakariri,700000,0.6
Loburn,Waimakariri,1215000,4.7
Ohoka,Waimakariri,1528000,3.7
Oxford,Waimakariri,711000,1.3
Pegasus,Waimakariri,841000,1.2
Rangiora,Waimakariri,725000,1.7
Sefton,Waimakariri,1035000,4.8
Swannanoa,Waimakariri,1313000,2.7
Woodend,Waimakariri,736000,1.2
Waimate,Waimate,519000,-0.8
Elgin,Gisborne,484000,1.3
Gisborne,Gisborne,555000,-0.2
Inner Kaiti,Gisborne,713000,1.6
Kaiti,Gisborne,511000,-1.2
Lytton West,Gisborne,903000,-0.3
Mangapapa,Gisborne,635000,0.8
Outer Kaiti,Gisborne,502000,-0.2
Riverdale,Gisborne,781000,0.8
Te Hapara,Gisborne,570000,0.9
Whataupoko,Gisborne,823000,-0.4
Otane,Central Hawke's Bay,767000,0.1
Waipawa,Central Hawke's Bay,642000,1.4
Waipukurau,Central Hawke's Bay,648000,2.5
Akina,Hastings,617000,0.2
Camberley,Hastings,526000,0
Clive,Hastings,896000,-0.1
Eskdale,Hastings,1347000,1.2
Flaxmere,Hastings,492000,0
Frimley,Hastings,896000,1
Hastings,Hastings,602000,0.5
Haumoana,Hastings,1186000,1.1
Havelock North,Hastings,1184000,0.1
Mahora,Hastings,704000,1
Mayfair,Hastings,622000,0.8
Parkvale,Hastings,668000,0.3
Raureka,Hastings,612000,0.5
Saint Leonards,Hastings,611000,2.5
Tangoio,Hastings,1011000,-0.6
Ahuriri,Napier,1109000,7.8
Bay View,Napier,1025000,2.7
Bluff Hill,Napier,955000,2.9
Greenmeadows,Napier,805000,4.1
Hospital Hill,Napier,931000,3.1
Maraenui,Napier,500000,6.4
Marewa,Napier,566000,0.5
Napier South,Napier,664000,2.6
Onekawa,Napier,598000,3.8
Pirimai,Napier,623000,1.6
Poraiti,Napier,1225000,1.5
Tamatea,Napier,620000,2.6
Taradale,Napier,825000,1.7
Te Awa,Napier,818000,3.5
Westshore,Napier,1041000,6
Mahia,Wairoa,762000,-0.3
Wairoa,Wairoa,325000,2.5
Foxton,Horowhenua,507000,0
Foxton Beach,Horowhenua,614000,1.2
Levin,Horowhenua,586000,2.8
Ohau,Horowhenua,959000,-0.7
Shannon,Horowhenua,477000,-0.8
Tokomaru,Horowhenua,659000,0.2
Waitarere Beach,Horowhenua,617000,0.3
Ashhurst,Manawatu,713000,0.3
Bunnythorpe,Manawatu,874000,-0.9
Feilding,Manawatu,649000,-1.1
Halcombe,Manawatu,803000,-1.7
Rongotea,Manawatu,709000,-1.3
Sanson,Manawatu,654000,-0.8
Aokautere,Palmerston North,1141000,-1
Awapuni,Palmerston North,614000,-0.6
Cloverlea,Palmerston North,542000,-1.8
Fitzherbert,Palmerston North,918000,-1.1
Highbury,Palmerston North,514000,-1.7
Hokowhitu,Palmerston North,778000,-1
Kelvin Grove,Palmerston North,796000,0.3
Milson,Palmerston North,621000,0.6
Palmerston North,Palmerston North,607000,-1.3
Roslyn,Palmerston North,537000,0.2
Takaro,Palmerston North,545000,-1.3
Terrace End,Palmerston North,624000,-1
West End,Palmerston North,582000,-0.5
Westbrook,Palmerston North,550000,-1.3
Bulls,Rangitikei,545000,0
Marton,Rangitikei,498000,1.8
Taihape,Rangitikei,393000,-0.3
Ohakune,Ruapehu,487000,0.2
Taumarunui,Ruapehu,369000,4.2
Dannevirke,Tararua,489000,0.4
Eketahuna,Tararua,428000,0.9
Pahiatua,Tararua,489000,0.6
Woodville,Tararua,459000,1.1
Aramoho,Whanganui,499000,1.6
Castlecliff,Whanganui,447000,1.8
College Estate,Whanganui,592000,-1.5
Durie Hill,Whanganui,599000,0
Gonville,Whanganui,442000,0.5
Otamatea,Whanganui,895000,1.1
Saint Johns Hill,Whanganui,680000,1.5
Springvale,Whanganui,584000,0.7
Tawhero,Whanganui,538000,2.1
Westmere,Whanganui,1019000,0.3
Whanganui,Whanganui,428000,1.2
Whanganui East,Whanganui,462000,0.7
Blenheim,Marlborough,598000,-1.2
Burleigh,Marlborough,1037000,0.6
Havelock,Marlborough,694000,-0.6
Mayfield,Marlborough,568000,-1.2
Picton,Marlborough,646000,0.9
Redwoodtown,Marlborough,603000,0
Renwick,Marlborough,774000,0.3
Riversdale,Marlborough,559000,0.5
Springlands,Marlborough,832000,-0.4
Waikawa,Marlborough,948000,-0.6
Witherlea,Marlborough,747000,-2
Atawhai,Nelson,913000,0.6
Enner Glynn,Nelson,892000,2.9
Monaco,Nelson,753000,3
Nelson South,Nelson,763000,0.9
Stoke,Nelson,751000,1.1
Tahunanui,Nelson,686000,0.7
The Brook,Nelson,675000,0.4
The Wood,Nelson,777000,0.9
Toi Toi,Nelson,550000,2.2
Wakatu,Nelson,715000,1.9
Washington Valley,Nelson,621000,2.6
Ahipara,Far North,640000,-0.5
Awanui,Far North,449000,-1.5
Cable Bay,Far North,793000,-1.5
Haruru,Far North,816000,-2.3
Kaeo,Far North,814000,-0.4
Kaikohe,Far North,400000,-1.5
Kaitaia,Far North,448000,-2.2
Karikari Peninsula,Far North,735000,1.9
Kawakawa,Far North,495000,-3.1
Kerikeri,Far North,1046000,-0.3
Mangonui,Far North,791000,-3.4
Paihia,Far North,807000,-0.4
Russell,Far North,1518000,-2.1
Waipapa,Far North,1019000,-0.3
Dargaville,Kaipara,516000,2.2
Kaiwaka,Kaipara,905000,-0.3
Mangawhai,Kaipara,1397000,3.2
Mangawhai Heads,Kaipara,1404000,1.1
Maungaturoto,Kaipara,752000,1.6
Paparoa,Kaipara,716000,1.4
Ruawai,Kaipara,483000,4.3
Avenues,Whangarei,535000,0.6
Glenbervie,Whangarei,1131000,-2
Hikurangi,Whangarei,570000,2.7
Kauri,Whangarei,994000,-4.4
Kensington,Whangarei,615000,1.8
Maungakaramea,Whangarei,819000,-1.7
Maungatapere,Whangarei,1012000,-1
Maunu,Whangarei,956000,-0.3
Morningside,Whangarei,540000,-1.1
Ngunguru,Whangarei,963000,-1.9
One Tree Point,Whangarei,1077000,2.7
Onerahi,Whangarei,622000,0.8
Parahaki,Whangarei,713000,0.3
Parua Bay,Whangarei,1070000,-1.4
Raumanga,Whangarei,474000,-1.3
Regent,Whangarei,656000,1.1
Ruakaka,Whangarei,868000,-1.5
Te Kamo,Whangarei,731000,-1.3
Tikipunga,Whangarei,597000,-0.7
Tutukaka,Whangarei,1282000,3.1
Waipu,Whangarei,1117000,0.4
Whangarei Heads,Whangarei,1068000,2.3
Whau Valley,Whangarei,664000,-0.4
Woodhill,Whangarei,575000,1.2
Alexandra,Central Otago,790000,2.5
Bridge Hill,Central Otago,973000,5.4
Clyde,Central Otago,974000,3
Cromwell,Central Otago,1017000,1.6
Mount Pisa,Central Otago,1512000,2.4
Ranfurly,Central Otago,466000,3.8
Roxburgh,Central Otago,495000,4.2
Balclutha,Clutha,447000,-1.3
Kaitangata,Clutha,303000,-2.6
Milton,Clutha,434000,-2.7
Tapanui,Clutha,424000,-3.9
Abbotsford,Dunedin,615000,-1.4
Andersons Bay,Dunedin,646000,-3.4
Belleknowes,Dunedin,792000,-0.9
Bradford,Dunedin,561000,-3.3
Brighton,Dunedin,729000,-2.7
Brockville,Dunedin,518000,-2.3
Calton Hill,Dunedin,473000,-1.5
Caversham,Dunedin,458000,-1.3
Concord,Dunedin,559000,-1.8
Corstorphine,Dunedin,596000,-2
Dunedin Central,Dunedin,690000,-2.3
Fairfield,Dunedin,766000,-0.9
Forbury,Dunedin,440000,-1.8
Green Island,Dunedin,600000,-1.5
Halfway Bush,Dunedin,615000,-2.4
Helensburgh,Dunedin,716000,-3.4
Kaikorai,Dunedin,579000,-1.4
Kenmure,Dunedin,588000,-4.4
Kew,Dunedin,640000,-2.4
Liberton,Dunedin,473000,-2.1
Macandrew Bay,Dunedin,739000,-2.9
Maori Hill,Dunedin,1019000,-3.5
Maryhill,Dunedin,572000,-3.1
Mornington,Dunedin,568000,-2.2
Mosgiel,Dunedin,754000,1.9
Musselburgh,Dunedin,619000,-2.5
North Dunedin,Dunedin,703000,-0.4
North East Valley,Dunedin,538000,-1.8
Outram,Dunedin,827000,-2.1
Port Chalmers,Dunedin,547000,-2.1
Ravensbourne,Dunedin,516000,-0.4
Roslyn,Dunedin,871000,-1.8
Saint Clair,Dunedin,855000,-2.4
Saint Kilda,Dunedin,517000,-1
Sawyers Bay,Dunedin,661000,-0.3
Shiel Hill,Dunedin,751000,-4.1
South Dunedin,Dunedin,414000,-1.4
Tainui,Dunedin,593000,-0.8
Waikouaiti,Dunedin,537000,0.8
Waitati,Dunedin,769000,-1
Wakari,Dunedin,595000,-1
Waverley,Dunedin,774000,-3
Albert Town,Queenstown-Lakes,1616000,-0.9
Arrowtown,Queenstown-Lakes,2810000,0
Arthurs Point,Queenstown-Lakes,1585000,-1.8
Fernhill,Queenstown-Lakes,1347000,-3
Frankton,Queenstown-Lakes,1273000,-2.5
Glenorchy,Queenstown-Lakes,1512000,0.5
Jacks Point,Queenstown-Lakes,1785000,1.1
Lake Hawea,Queenstown-Lakes,1265000,-1.6
Lake Hayes,Queenstown-Lakes,2732000,-2.6
Lower Shotover,Queenstown-Lakes,1817000,0.2
Luggate,Queenstown-Lakes,1191000,0.1
Queenstown,Queenstown-Lakes,1770000,-3.1
Wanaka,Queenstown-Lakes,2126000,-1.5
Holmes Hill,Waitaki,585000,0.5
Oamaru,Waitaki,450000,1.4
Oamaru North,Waitaki,495000,-0.2
Palmerston,Waitaki,450000,-0.9
South Hill,Waitaki,531000,-0.6
Weston,Waitaki,763000,0.3
East Gore,Gore,395000,-0.3
Gore,Gore,477000,1.5
Mataura,Gore,299000,0.7
Appleby,Invercargill,353000,2.6
Avenal,Invercargill,503000,2.4
Bluff,Invercargill,360000,2
Georgetown,Invercargill,399000,2
Gladstone,Invercargill,640000,3.6
Glengarry,Invercargill,455000,3.6
Grasmere,Invercargill,483000,2.5
Hawthorndale,Invercargill,502000,1.4
Heidelberg,Invercargill,425000,0.7
Kew,Invercargill,375000,3.6
Kingswell,Invercargill,432000,3.6
Newfield,Invercargill,472000,2.2
Otatara,Invercargill,813000,2.7
Richmond,Invercargill,506000,1.8
Rockdale,Invercargill,474000,3
Rosedale,Invercargill,757000,1.9
Strathern,Invercargill,395000,0.8
Waikiwi,Invercargill,633000,4.1
Waverley,Invercargill,575000,0.9
Windsor,Invercargill,595000,0.8
Riverton/Aparima,Southland,656000,-6.6
Te Anau,Southland,822000,1.7
Wallacetown,Southland,580000,-3.3
Winton,Southland,607000,-6.3
Bell Block,New Plymouth,754000,0.7
Blagdon,New Plymouth,591000,1.2
Ferndale,New Plymouth,787000,-0.3
Fitzroy,New Plymouth,949000,1.1
Frankleigh Park,New Plymouth,707000,0.7
Highlands Park,New Plymouth,880000,-0.2
Hurdon,New Plymouth,803000,0.5
Hurworth,New Plymouth,1126000,0.6
Inglewood,New Plymouth,647000,0.8
Lower Vogeltown,New Plymouth,721000,1.4
Marfell,New Plymouth,485000,0.8
Merrilands,New Plymouth,764000,0.3
Moturoa,New Plymouth,739000,-1.2
New Plymouth,New Plymouth,871000,0.7
Oakura,New Plymouth,1320000,-0.5
Spotswood,New Plymouth,562000,0.2
Strandon,New Plymouth,988000,-0.9
Upper Vogeltown,New Plymouth,688000,0.4
Vogeltown,New Plymouth,617000,-0.5
Waitara,New Plymouth,495000,1.6
Waiwhakaiho,New Plymouth,1149000,0.6
Welbourn,New Plymouth,699000,0.4
Westown,New Plymouth,640000,-0.6
Whalers Gate,New Plymouth,775000,0
Eltham,South Taranaki,424000,1.7
Hawera,South Taranaki,522000,-3.5
Normanby,South Taranaki,510000,-1.2
Opunake,South Taranaki,484000,-3
Patea,South Taranaki,300000,-2.6
Waverley,South Taranaki,417000,0.2
Stratford,Stratford,530000,1.5
Appleby,Tasman,1019000,-1.5
Brightwater,Tasman,932000,-1.3
Hope,Tasman,1244000,-0.8
Mapua,Tasman,1130000,-0.5
Motueka,Tasman,718000,-0.7
Redwood Valley,Tasman,1582000,-1.4
Richmond,Tasman,833000,-1.4
Riwaka,Tasman,801000,-0.1
Takaka,Tasman,719000,-0.8
Tasman,Tasman,1559000,-0.2
Upper Moutere,Tasman,1291000,-0.4
Wakefield,Tasman,909000,-0.4
Bader,Hamilton,605000,2.9
Beerescourt,Hamilton,1024000,0.8
Chartwell,Hamilton,828000,0.1
Chedworth,Hamilton,929000,4
Claudelands,Hamilton,777000,2
Dinsdale,Hamilton,707000,0.6
Enderley,Hamilton,630000,2.6
Fairfield,Hamilton,775000,2.9
Fitzroy,Hamilton,806000,4.1
Flagstaff,Hamilton,1154000,3.6
Forest Lake,Hamilton,755000,1.6
Frankton,Hamilton,649000,1.1
Grandview Heights,Hamilton,928000,4.4
Hamilton Central,Hamilton,757000,0.9
Hamilton East,Hamilton,733000,1.1
Hamilton Lake,Hamilton,926000,3.7
Hillcrest,Hamilton,792000,3
Huntington,Hamilton,1061000,1.9
Maeroa,Hamilton,749000,3.2
Melville,Hamilton,668000,3.4
Nawton,Hamilton,662000,0
Peacocke,Hamilton,1107000,-1.7
Pukete,Hamilton,835000,3.6
Queenwood,Hamilton,1036000,2.4
Riverlea,Hamilton,878000,3.5
Rototuna,Hamilton,1032000,3.7
Rototuna North,Hamilton,1019000,2
Silverdale,Hamilton,745000,2.9
St Andrews,Hamilton,856000,2.8
Whitiora,Hamilton,648000,0.6
Ngatea,Hauraki,742000,0.4
Paeroa,Hauraki,583000,-0.2
Waihi,Hauraki,691000,-0.9
Matamata,Matamata-Piako,807000,0.6
Morrinsville,Matamata-Piako,801000,1.9
Te Aroha,Matamata-Piako,692000,0.7
Otorohanga,Otorohanga,641000,2.1
Putaruru,South Waikato,557000,5.3
Tirau,South Waikato,684000,5.4
Tokoroa,South Waikato,440000,4
Acacia Bay,Taupo,1347000,-2.3
Hilltop,Taupo,862000,-4.1
Kinloch,Taupo,1358000,-2.7
Nukuhau,Taupo,874000,-2.7
Rangatira Park,Taupo,981000,-3.8
Richmond Heights,Taupo,776000,-5
Tauhara,Taupo,595000,-3.6
Taupo,Taupo,732000,-3.3
Turangi,Taupo,471000,-2.7
Waipahihi,Taupo,1086000,-4.1
Wharewaka,Taupo,1308000,-5.5
Cooks Beach,Thames-Coromandel,1435000,-1.7
Coromandel,Thames-Coromandel,807000,0.5
Matarangi,Thames-Coromandel,1149000,-0.4
Pauanui,Thames-Coromandel,1508000,-2.8
Tairua,Thames-Coromandel,1052000,-3.3
Thames,Thames-Coromandel,703000,-0.6
Whangamata,Thames-Coromandel,1383000,0.8
Whitianga,Thames-Coromandel,1015000,-1.4
Buckland,Waikato,1332000,2
Fairview Downs,Waikato,751000,5.3
Horotiu,Waikato,949000,1.6
Huntly,Waikato,554000,0.5
Matangi,Waikato,1673000,2.1
Ngaruawahia,Waikato,737000,1.8
Onewhero,Waikato,981000,0.5
Pokeno,Waikato,1010000,-0.4
Pukekawa,Waikato,1097000,-0.7
Raglan,Waikato,1197000,1.7
Tamahere,Waikato,2073000,2.5
Taupiri,Waikato,1008000,-0.5
Te Kauwhata,Waikato,817000,0.2
Te Kowhai,Waikato,1282000,-0.6
Tuakau,Waikato,823000,-1.1
Whatawhata,Waikato,1193000,0.3
Cambridge,Waipa,1187000,-0.3
Deanwell,Waipa,660000,3.3
Glenview,Waipa,777000,2.5
Kihikihi,Waipa,757000,-0.8
Leamington,Waipa,943000,-0.1
Ngahinapouri,Waipa,1345000,-0.2
Ohaupo,Waipa,1264000,-1.7
Pirongia,Waipa,1024000,-1.4
Te Awamutu,Waipa,783000,0.5
Temple View,Waipa,1014000,1.3
Piopio,Waitomo,460000,-0.6
Te Kuiti,Waitomo,457000,-1.5
Carterton,Carterton,650000,4.5
Otaihanga,Kapiti Coast,1109000,2.8
Otaki,Kapiti Coast,708000,1.7
Otaki Beach,Kapiti Coast,629000,4
Paekakariki,Kapiti Coast,950000,4.4
Paraparaumu,Kapiti Coast,798000,-1
Paraparaumu Beach,Kapiti Coast,890000,3.9
Raumati Beach,Kapiti Coast,890000,4.6
Raumati South,Kapiti Coast,904000,5.5
Waikanae,Kapiti Coast,928000,0.3
Waikanae Beach,Kapiti Coast,973000,5.5
Alicetown,Lower Hutt,814000,1.8
Avalon,Lower Hutt,722000,1.8
Belmont,Lower Hutt,933000,0.6
Boulcott,Lower Hutt,860000,0
Eastbourne,Lower Hutt,1126000,0.9
Epuni,Lower Hutt,768000,-0.5
Fairfield,Lower Hutt,762000,0.8
Hutt Central,Lower Hutt,990000,2
Kelson,Lower Hutt,845000,1
Korokoro,Lower Hutt,974000,2.1
Maungaraki,Lower Hutt,861000,1.1
Moera,Lower Hutt,588000,1.6
Naenae,Lower Hutt,621000,-0.6
Normandale,Lower Hutt,888000,0.2
Petone,Lower Hutt,815000,0.4
Stokes Valley,Lower Hutt,643000,1.4
Taita,Lower Hutt,608000,-2.4
Wainuiomata,Lower Hutt,622000,-2.8
Waiwhetu,Lower Hutt,726000,-0.1
Waterloo,Lower Hutt,817000,-1.4
Woburn,Lower Hutt,1166000,-0.9
Kuripuni,Masterton,519000,-0.4
Lansdowne,Masterton,620000,-1.6
Masterton,Masterton,532000,-0.9
Solway,Masterton,609000,-0.8
Aotea,Porirua,1206000,-1.5
Ascot Park,Porirua,662000,-0.7
Camborne,Porirua,930000,-1
Cannons Creek,Porirua,572000,-1.4
Papakowhai,Porirua,885000,-0.6
Paremata,Porirua,939000,-0.6
Plimmerton,Porirua,1008000,0.2
Pukerua Bay,Porirua,866000,-1
Ranui,Porirua,629000,0.3
Titahi Bay,Porirua,718000,0.6
Whitby,Porirua,953000,-0.9
Featherston,South Wairarapa,571000,2.1
Greytown,South Wairarapa,965000,1.8
Martinborough,South Wairarapa,1018000,3.9
Birchville,Upper Hutt,709000,0.3
Brown Owl,Upper Hutt,747000,-0.9
Clouston Park,Upper Hutt,659000,-0.5
Ebdentown,Upper Hutt,668000,0.5
Elderslea,Upper Hutt,724000,-0.1
Heretaunga,Upper Hutt,941000,0
Pinehaven,Upper Hutt,760000,-0.1
Riverstone Terraces,Upper Hutt,1034000,-0.1
Silverstream,Upper Hutt,869000,-0.7
Te Marua,Upper Hutt,821000,0.7
Timberlea,Upper Hutt,798000,-0.3
Totara Park,Upper Hutt,691000,-0.3
Trentham,Upper Hutt,691000,-1.6
Wallaceville,Upper Hutt,771000,0.4
Aro Valley,Wellington,929000,4.6
Berhampore,Wellington,842000,1.9
Broadmeadows,Wellington,894000,2.4
Brooklyn,Wellington,1054000,3.2
Churton Park,Wellington,1110000,2.6
Crofton Downs,Wellington,1049000,3.9
Grenada Village,Wellington,1042000,3.3
Hataitai,Wellington,1151000,2.1
Island Bay,Wellington,1142000,3.2
Johnsonville,Wellington,822000,0.7
Karori,Wellington,1064000,-1.8
Kelburn,Wellington,1414000,5.3
Khandallah,Wellington,1285000,4.8
Kilbirnie,Wellington,858000,1.9
Lyall Bay,Wellington,962000,3
Maupuia,Wellington,900000,1.8
Melrose,Wellington,1004000,3.5
Miramar,Wellington,1003000,1.9
Mount Cook,Wellington,746000,0.8
Mount Victoria,Wellington,1201000,5.1
Newlands,Wellington,837000,2.8
Newtown,Wellington,929000,1.5
Ngaio,Wellington,1025000,1.1
Northland,Wellington,1083000,3
Oriental Bay,Wellington,2109000,0.5
Paparangi,Wellington,843000,2.6
Roseneath,Wellington,1480000,1.6
Seatoun,Wellington,1723000,2.4
Strathmore Park,Wellington,984000,2.6
Tawa,Wellington,845000,-0.8
Te Aro,Wellington,652000,-1.7
Thorndon,Wellington,899000,1.6
Wadestown,Wellington,1239000,2.2
Wellington Central,Wellington,482000,-2.4
Wilton,Wellington,940000,2
Woodridge,Wellington,969000,3.7
Reefton,Buller,388000,5.7
Westport,Buller,416000,4.8
Blaketown,Grey,356000,2.9
Cobden,Grey,336000,2.4
Greymouth,Grey,469000,-1.7
Karoro,Grey,619000,0.3
Paroa,Grey,731000,2.4
Runanga,Grey,328000,7.5
Hokitika,Westland,482000,1.3